"contrast","arch","estimate","SE","df","lower.CL","upper.CL","t.ratio","p.value"
"noent - ent","SRN",0.011173756229847,0.0144772719950334,147.245190382646,-0.0174434087371685,0.0397909211968625,0.771813656169497,0.44146361495376
"noent - ent","GRU",0.011173756229847,0.0144772719950334,147.245190382646,-0.0174434087371685,0.0397909211968625,0.771813656169497,0.441464120248899
"noent - ent","LSTM",0.011173756229847,0.0144772719950334,147.245190382646,-0.0174434087371685,0.0397909211968625,0.771813656169497,0.441463522513353
"noent - ent","Attn_AbsPE",0.011173756229847,0.0144772719950334,147.245190382646,-0.0174434087371685,0.0397909211968625,0.771813656169497,0.441463561322273
"noent - ent","Attn_RoPE",0.011173756229847,0.0144772719950334,147.245190382646,-0.0174434087371685,0.0397909211968625,0.771813656169497,0.441463953417217
"noent - ent","Attn_AbsPE_H80",0.011173756229847,0.0144772719950334,147.245190382646,-0.0174434087371685,0.0397909211968625,0.771813656169497,0.441463846409596
"noent - ent","Attn_RoPE_H80",0.011173756229847,0.0144772719950334,147.245190382646,-0.0174434087371685,0.0397909211968625,0.771813656169497,0.441463674664044
