"contrast","arch","estimate","SE","df","lower.CL","upper.CL","t.ratio","p.value"
"noent - ent","SRN",0.0365331062498707,0.0303360832744314,125.363928610254,-0.0461478640237898,0.119214076523531,1.20427894133131,0.835724205116339
"noent - ent","GRU",0.0522210218748801,0.0303360832744314,125.363928555513,-0.0304599483987806,0.134901992148541,1.72141609061623,0.4685308565351
"noent - ent","LSTM",0.0271880249999007,0.0303360832744314,125.363928548515,-0.0554929452737599,0.109868995273561,0.896227266847463,0.95952883369911
"noent - ent","Attn_AbsPE",-0.0714431781250773,0.0303360832744347,125.363926569204,-0.154124148398747,0.0112377921485923,-2.35505610525816,0.131142319663336
"noent - ent","Attn_RoPE",0.0215278768748973,0.0303360832744348,125.363926494614,-0.0611530933987726,0.104208847148567,0.709645891994223,0.988984773889208
"noent - ent","Attn_AbsPE_H80",0.0239381443748676,0.0303360832744348,125.363926607691,-0.0587428258988023,0.106619114648537,0.789098057198472,0.979752067753603
"noent - ent","Attn_RoPE_H80",-0.0951389143751411,0.0303360832744348,125.363926541724,-0.177819884648811,-0.0124579441014712,-3.13616341023555,0.0147980305336012
