"contrast","arch","estimate","SE","df","lower.CL","upper.CL","t.ratio","p.value"
"noent - ent","SRN",-0.0339439988095241,0.00750704541491224,130.187837803385,-0.0487993630832722,-0.019088634535776,-4.52161895039247,1.36320512368338e-05
"noent - ent","GRU",-0.0339439988095241,0.00750704541491224,130.187837803385,-0.0487993630832722,-0.019088634535776,-4.52161895039247,1.36971765484217e-05
"noent - ent","LSTM",-0.0339439988095241,0.00750704541491224,130.187837803385,-0.0487993630832722,-0.019088634535776,-4.52161895039247,1.36205314292814e-05
"noent - ent","Attn_AbsPE",-0.0339439988095241,0.00750704541491224,130.187837803385,-0.0487993630832722,-0.019088634535776,-4.52161895039247,1.36256476946928e-05
"noent - ent","Attn_RoPE",-0.0339439988095241,0.00750704541491224,130.187837803385,-0.0487993630832722,-0.019088634535776,-4.52161895039247,1.36761419595732e-05
"noent - ent","Attn_AbsPE_H80",-0.0339439988095241,0.00750704541491224,130.187837803385,-0.0487993630832722,-0.019088634535776,-4.52161895039247,1.36670633200664e-05
"noent - ent","Attn_RoPE_H80",-0.0339439988095241,0.00750704541491224,130.187837803385,-0.0487993630832722,-0.019088634535776,-4.52161895039247,1.36415164698755e-05
