"","Sum Sq","Mean Sq","NumDF","DenDF","F value","Pr(>F)"
"arch",7.48987115310839,1.2483118588514,6,144.543320260257,48.7633273769005,2.27865649853356e-32
"entity",0.0152494675885224,0.0152494675885224,1,147.245190382646,0.595696319849726,0.441461725760994
"split",0.176793159312802,0.176793159312802,1,277.795951331082,6.90614500249889,0.00906764558696316
