"contrast","arch","estimate","SE","df","lower.CL","upper.CL","t.ratio","p.value"
"noent - ent","SRN",-0.0626621202194056,0.0261393729226695,126.928547892096,-0.133859737138733,0.00853549669992211,-2.39723119620293,0.117725441188993
"noent - ent","GRU",-0.125208227220454,0.0261393729226695,126.928547826153,-0.196405844139782,-0.0540106103011265,-4.79002413680195,3.2048596881773e-05
"noent - ent","LSTM",-0.105548543887127,0.0261393729226695,126.928547816231,-0.176746160806454,-0.0343509269677988,-4.03791415346421,0.000647384989507227
"noent - ent","Attn_AbsPE",-0.0964859978056301,0.0261393729226694,126.928547946698,-0.167683614724957,-0.0252883808863028,-3.69121317833729,0.00230212667415841
"noent - ent","Attn_RoPE",-0.0628047444095921,0.0261393729226693,126.928547874225,-0.134002361328919,0.00839287250973519,-2.40268749351385,0.116165272426435
"noent - ent","Attn_AbsPE_H80",-0.0710603113374869,0.0261393729226693,126.928547919546,-0.142257928256814,0.000137305581840372,-2.7185162990601,0.050716006358878
"noent - ent","Attn_RoPE_H80",-0.100540585161932,0.0261393729226693,126.9285479155,-0.171738202081259,-0.0293429682426047,-3.84632735679509,0.00131793736871988
