"group","group_name","max_abs_d","mean_entity_d","eta2_arch","eta2_entity","eta2_split","eta2_arch_entity","eta2_arch_split","eta2_entity_split","eta2_3way"
"word_group","Word",0.583718709640011,0.452286004852781,0.093272425728176,0.135727594873708,0.00015232917157216,NA,NA,NA,NA
"sentence_group","Sentence",0.959020335021294,0.00424375971538602,0.472076779381696,3.21131146455084e-05,0.00060939155399781,0.148365182274903,NA,NA,NA
"complex_event","Complex Event",2.4006890377997,-0.0698367966315417,0.669330540425388,0.00402930700117122,0.0242574434520745,NA,NA,NA,NA
"basic_event","Basic Event",0.860414448954262,0.692788332420463,0.239205351297567,0.238496256295565,0.107588801586892,0.0461796391209917,0.13081630050215,0.0255014530135121,0.12402263348692
