"","Sum Sq","Mean Sq","NumDF","DenDF","F value","Pr(>F)"
"arch",0.0860666026260751,0.0143444337710125,6,148.54515922763,2.54673467615417,0.0223962219915507
"entity",0.115156280438349,0.115156280438349,1,130.187837803385,20.4450379325483,1.36441968127245e-05
"split",1.90708276662503e-05,1.90708276662503e-05,1,22.2239162957856,0.00338586652466881,0.954118759689271
