"","Sum Sq","Mean Sq","NumDF","DenDF","F value","Pr(>F)"
"arch",3.77134507885552,0.628557513142587,6,139.031416036405,20.7206592903393,3.00443290898363e-17
"entity",0.000124682391928555,0.000124682391928555,1,127.987423535873,0.00411020679673281,0.948981951023101
"split",0.00537200816179928,0.00537200816179928,1,290.425031311736,0.17709047859287,0.674196883184087
"arch:entity",0.660102611490922,0.110017101915154,6,124.908333117616,3.62675942492045,0.00237403178589233
