"","Sum Sq","Mean Sq","NumDF","DenDF","F value","Pr(>F)"
"arch",0.713567321718817,0.118927886953136,6,136.939078412366,7.17595311118947,1.1387687450039e-06
"entity",0.98066739947017,0.98066739947017,1,188.933123427924,59.1721879246294,7.75266081950333e-13
"split",0.260861677638877,0.260861677638877,1,130.558188017817,15.7400523561008,0.000119222312899232
"arch:entity",0.0899578306839019,0.0149929717806503,6,112.111694786921,0.904656302669611,0.49432688354634
"arch:split",0.341571637031606,0.0569286061719343,6,136.939078412181,3.43499761949146,0.00343264768241119
"entity:split",0.0819399972461844,0.0819399972461844,1,188.933123428022,4.94415223572681,0.0273640003478233
"arch:entity:split",0.263065013118576,0.043844168853096,6,112.111694784075,2.64549978940489,0.0194508403413763
